epoch,phase,lr_group_1,lr_group_2,lr_group_3,train_loss,train_acc,train_precision,train_recall,train_f1,val_loss,val_acc,val_precision,val_recall,val_f1,acc_gap,gpu_mem_alloc_gb,gpu_mem_reserved_gb,epoch_minutes
1,1,0.0007,0.0002,,0.30968483226583093,0.8843263283028752,0.8907187487069144,0.8741167871355477,0.8823396798721128,0.4781069665351244,0.7878678134902671,0.8494400663625051,0.8304947283049473,0.8398605700225549,0.09645851481260803,0.09855318069458008,0.1484375,6.685261491934458
2,1,0.0006880910762880293,0.00019660961971576228,,0.19536929403375364,0.9485200781769458,0.9522158151538368,0.9451649055395454,0.9486772593053854,0.37061933728972946,0.8509732910819375,0.9102710413694722,0.8625304136253041,0.8857579122709606,0.0975467870950083,0.09855318069458008,0.392578125,5.602656972408295
3,1,0.0006531758786226614,0.00018666952767655166,,0.16556325813953965,0.9621204489129778,0.9649533653652037,0.9593753763397695,0.9621562864849632,0.3693019375427647,0.860208239022182,0.9165955024195844,0.8705055420383887,0.8929561841375485,0.10191220989079575,0.09855318069458008,0.392578125,5.598812560240428
4,1,0.0005976338200246983,0.00017085712472806146,,0.14762630479772115,0.9714895931977998,0.9733057045343735,0.9693278841095779,0.9713127217435378,0.35838936723535986,0.8701674966047985,0.9204737732656514,0.8824006488240065,0.9010351966873706,0.10132209659300129,0.09855318069458008,0.392578125,5.603271281719207
5,1,0.00052525,0.00015025,,0.13728208153847254,0.974854425661381,0.9762487757100882,0.972913616398243,0.9745783427034955,0.3698150807508466,0.8670891806247171,0.9144534526139223,0.8842930521762639,0.8991203958218802,0.10776524503666396,0.09855318069458008,0.392578125,5.600955537954966
6,1,0.00044095725626333104,0.00012625249498770082,,0.1267842216066777,0.9802945739557938,0.9820769636267791,0.9783478085235306,0.9802088392423507,0.3612745102051428,0.8749660479855138,0.9188361408882083,0.8921330089213301,0.9052877031753652,0.10532852597027997,0.09855318069458008,0.392578125,5.589203548431397
7,1,0.0003505,0.0001005,,0.11964707213998939,0.9844855030122303,0.9870051008015546,0.9819170358437375,0.9844544940644432,0.35902946650064493,0.873426889995473,0.9149377593360996,0.8941605839416058,0.9044298605414274,0.11105861301675723,0.09855318069458008,0.392578125,5.574825255076091
8,1,0.00026004274373666903,7.47475050122992e-05,,0.1123403371105779,0.9879309302653584,0.9894156291820431,0.9863357050452781,0.9878732665249519,0.35472051649408787,0.8773200543232231,0.9168161125672507,0.8983509056501757,0.9074895883115996,0.11061087594213526,0.09855318069458008,0.392578125,5.57954093615214
9,1,0.00017575000000000004,5.075000000000002e-05,,0.10649921099067669,0.9907315992021116,0.9924790748453358,0.9889600709134131,0.9907164480322906,0.3605453568853475,0.8768673607967407,0.9125444110412682,0.902676399026764,0.9075835824952433,0.11386423840537097,0.09855318069458008,0.392578125,5.585455060005188
10,1,0.00010336617997530164,3.0142875271938532e-05,,0.10264039238820384,0.9922226028087284,0.9940146579804561,0.9903050462437125,0.992156384621637,0.3673972943496682,0.8743322770484382,0.9110807113543091,0.9002433090024331,0.9056295893391352,0.11789032576029024,0.09855318069458008,0.392578125,5.579112605253855
11,1,4.782412137733866e-05,1.4330472323448351e-05,,0.09971456794466296,0.9936128629284117,0.9951391420585733,0.9920449038927476,0.993589613961295,0.36165489525668704,0.8783159800814848,0.9132987438558164,0.9041632873749662,0.9087080559706562,0.11529688284692685,0.09855318069458008,0.392578125,5.58644247452418
12,1,1.2908923711970663e-05,4.390380284237715e-06,,0.09920683525818984,0.9933912272571578,0.9943491422805247,0.9924263787616323,0.9933868301141175,0.3582852860390735,0.8791308284291535,0.9134051547797627,0.9053798323871317,0.9093747878623312,0.11426039882800432,0.09855318069458008,0.392578125,5.591594604651133
13,2,0.0005,0.00015,8e-05,0.1199136031994792,0.9837198525115352,0.9851912456535079,0.9818174405805373,0.9835014497488463,0.339012610523773,0.8878225441376189,0.9215605749486653,0.9099756690997567,0.9157314833707406,0.0958973083739163,0.1046299934387207,0.34375,5.6738380511601765
14,2,0.0004991478310051641,0.0001497455447289969,7.986508747376347e-05,0.11524951848047787,0.9858757631319135,0.9874348511171266,0.9842931937172775,0.9858615195336924,0.3198979701969946,0.8981439565414214,0.9256344144388655,0.9220059475533928,0.9238166181350308,0.08773180659049207,0.1046299934387207,0.34375,5.669526306788127
15,2,0.0004965971451989792,0.0001489839171035028,7.946127148440755e-05,0.11045389808402892,0.9879913763575184,0.9895438029874849,0.9864375402446877,0.9879882300777943,0.308635273301909,0.9041195110909914,0.9328144203195412,0.9233576642335767,0.9280619523130222,0.08387186526652701,0.1046299934387207,0.34375,5.675347554683685
16,2,0.0004923653663518629,0.0001477203198124801,7.879131050460357e-05,0.10781036071783012,0.9887771755556003,0.9897516911734922,0.9877112135176651,0.9887303995953465,0.3037477770843027,0.9056586690810321,0.9323809523809524,0.9263314409299811,0.9293463520477353,0.0831185064745682,0.1046299934387207,0.34375,5.671305672327677
17,2,0.00048648140180430834,0.00014596338450669727,7.785978104717508e-05,0.10595290428497196,0.9900465434909633,0.9915247429305912,0.9886654918295418,0.9900930531044441,0.2907367185068487,0.9091896785875963,0.9369960366270329,0.9267369559340363,0.9318382602786273,0.08085686490336708,0.1046299934387207,0.34375,5.681724456946055
18,2,0.00047898544500043686,0.00014372511283580177,7.667304640287479e-05,0.1041395142135517,0.9900868408857367,0.9917881007970373,0.9884457995667175,0.9901141295611638,0.28617775805021317,0.9126301493888638,0.9387532396671668,0.9302514193025142,0.9344829927354199,0.07745669149687295,0.1046299934387207,0.34375,5.6715259949366255
19,2,0.00046992870092601904,0.00014102079446488342,7.523921317265634e-05,0.10144529052968783,0.9917390340714473,0.9932063569088924,0.9902431157521268,0.9917225228135347,0.30282923617194063,0.9086464463558172,0.9375428023558416,0.9252500675858341,0.931355874549289,0.0830925877156301,0.1046299934387207,0.34375,5.661695102850596
20,2,0.00045937303632650095,0.00013786890263055838,7.35680758913699e-05,0.09973983941873507,0.992323346295662,0.9936570782159018,0.9909746565131552,0.9923140545883682,0.3066348117737006,0.9073789044816659,0.9387474191328287,0.9218707758853745,0.9302325581395349,0.08494444181399607,0.1046299934387207,0.34375,5.683913270632426
21,2,0.0004473905570944003,0.00013429096795003134,7.167105012115758e-05,0.09964732686009836,0.9922830489008886,0.9934411717366811,0.9911678509775583,0.9923032093406483,0.30178577021040925,0.9098234495246718,0.9355102040816327,0.9294403892944039,0.9324654190398698,0.08245959937621683,0.1046299934387207,0.34375,5.671893711884817
22,2,0.00043406311571294643,0.00013031143134514833,6.956109447158872e-05,0.09759123142148075,0.9930285507041969,0.9946041717000886,0.9914900449582531,0.9930446669078921,0.3029223356873215,0.9120869171570847,0.9332614264527437,0.9356582860232495,0.9344583192710091,0.08094163354711226,0.1046299934387207,0.34375,5.665853063265483
23,2,0.00041948175212062254,0.00012595747708611774,6.725262207921679e-05,0.0967585507563616,0.9938344985996656,0.9948032966586822,0.992787974555326,0.9937946138870863,0.2943374987895697,0.9147125396106836,0.9358628139346475,0.936874831035415,0.9363685490407998,0.079121958988982,0.1046299934387207,0.34375,5.669458810488383
24,2,0.00040374607181607226,0.00012125884709538027,6.47614021512419e-05,0.09512868962787309,0.9939352420865991,0.99519870889651,0.9926754668383774,0.9939354864706949,0.2919304682799409,0.9141693073789044,0.9393732970027248,0.9320086509867532,0.9356764825620844,0.07976593470769466,0.1046299934387207,0.34375,5.671789288520813
25,2,0.00038696356545154565,0.00011624763778012082,6.210445224583587e-05,0.09386540467340965,0.9945598517055873,0.9956577677709875,0.9935007622562786,0.9945780955058436,0.28051474802280346,0.9188773200543232,0.941112618724559,0.9375506893755069,0.9393282773564464,0.07568253165126404,0.1046299934387207,0.34375,5.6768230160077415
26,2,0.00036924887456274994,0.00011095808078126199,5.929992202496441e-05,0.09364705213725258,0.9945598517055873,0.9959265981044565,0.993202751075896,0.9945628096177856,0.27539560208902364,0.9214124038026256,0.9413354960800216,0.9413354960800216,0.9413354960800216,0.07314744790296168,0.1046299934387207,0.34375,5.687896772225698
27,2,0.000350723008450916,0.00010542630913664624,5.636696927379231e-05,0.09302294948005159,0.9945800004029739,0.9956391827505451,0.9935130343688303,0.9945749722698397,0.282408066466282,0.9198732458125849,0.9462792928600795,0.933360367666937,0.9397754338210276,0.074706754590389,0.1046299934387207,0.34375,5.689895697434744
28,2,0.00033151251756656866,9.969011045574895e-05,5.3325629033585015e-05,0.0915812074479668,0.995627732667083,0.9964054927302101,0.994838501552482,0.9956213805766864,0.2929829188598503,0.9188773200543232,0.9454645108248835,0.9326845093268451,0.9390310288513881,0.07675041261275983,0.1046299934387207,0.34375,5.696890000502268
29,2,0.0003117486290416295,9.378866879198955e-05,5.019667674206158e-05,0.09070935003685084,0.9956680300618564,0.9962516625690218,0.9950885668276973,0.9956697750297073,0.29348101022355205,0.9197827071072884,0.9434758921274857,0.9363341443633414,0.9398914518317504,0.07588532295456807,0.1046299934387207,0.34375,5.688518170515696
30,2,0.0002915663502750431,8.776229697591468e-05,4.7001486316088995e-05,0.09001893242187406,0.9958695170357237,0.9965229207465729,0.9952897972217787,0.9959059772731812,0.2910386591016464,0.917609778180172,0.9438970990695129,0.9324141659908083,0.9381204950360397,0.07825973885555171,0.1046299934387207,0.34375,5.688812152544657
31,2,0.000271103546695347,8.165216123768878e-05,4.376188414615714e-05,0.08993137410857326,0.9960105579174307,0.9969190854548403,0.995063526745974,0.995990441861407,0.2943013786743431,0.9184246265278406,0.9442089429782579,0.933360367666937,0.9387533138467813,0.07758593138959002,0.1046299934387207,0.34375,5.700214413801829
32,2,0.00025050000000000007,7.55e-05,4.050000000000001e-05,0.08937612087461037,0.9960105579174307,0.9967452887049464,0.9953055410664847,0.996024894599478,0.29412467407189974,0.9198732458125849,0.9433628318584071,0.9366044876993782,0.9399715119039544,0.07613731210484576,0.1046299934387207,0.34375,5.684877280394236
33,2,0.00022989645330465314,6.934783876231125e-05,3.723811585384288e-05,0.08846049154237844,0.9964538292599383,0.9974738214562197,0.9953649115673917,0.9964182506410517,0.3042033379321565,0.9174287007695789,0.9360043022317828,0.9410651527439848,0.9385279050957132,0.07902512849035936,0.1046299934387207,0.34375,5.700540475050608
34,2,0.00020943364972495694,6.323770302408532e-05,3.3998513683911016e-05,0.08783007005034024,0.9963530857730047,0.9973016512283528,0.9954174538730555,0.9963586617579013,0.3187795042903945,0.9129923042100498,0.9270266684357171,0.9444444444444444,0.9356545028456645,0.0833607815629549,0.1046299934387207,0.34375,5.702995149294535
35,2,0.00018925137095837072,5.721133120801048e-05,3.0803323257938446e-05,0.08669660821013912,0.9970179927867663,0.9976632690060836,0.9963787067959603,0.997020574143415,0.31117534694991644,0.9152557718424627,0.9308,0.9436334144363342,0.93717277486911,0.08176222094430363,0.1046299934387207,0.34375,5.69002214272817
36,2,0.00016948748243343157,5.13098895442511e-05,2.7674370966415016e-05,0.08580359307180754,0.9976224537083678,0.9983101991550996,0.996946442203383,0.9976278546156321,0.3118853174409698,0.9155273879583522,0.9300252760409738,0.9449851311165179,0.9374455246396245,0.08209506575001557,0.1046299934387207,0.34375,5.68486045996348
37,2,0.00015027699154908415,4.5573690863353774e-05,2.463303072620771e-05,0.08570930091532653,0.9975418589188209,0.9983102671387191,0.9967863742267213,0.9975477386934674,0.3042425379932817,0.9183340878225441,0.9358561460010736,0.9426872127602055,0.9392592592592592,0.07920777109627675,0.1046299934387207,0.34375,5.682271035512288
38,2,0.00013175112543725015,4.004191921873801e-05,2.1700077975035593e-05,0.08401863719195482,0.9983276581169027,0.9986681733796109,0.9979834644081468,0.9983257014907309,0.30006394000102515,0.920416478044364,0.94089003111051,0.9402541227358746,0.9405719694408762,0.07791118007253872,0.1046299934387207,0.34375,5.805164647102356
39,2,0.00011403643454845446,3.475236221987918e-05,1.889554775416413e-05,0.08505824843535256,0.9978239406822349,0.998315755704375,0.9973558751652578,0.9978355845925688,0.29541229888317866,0.9212313263920326,0.9401294498381877,0.9424168694241687,0.9412717699473471,0.07659261429020225,0.1046299934387207,0.34375,5.729883273442586
40,2,9.725392818392788e-05,2.9741152904619747e-05,1.623859784875812e-05,0.08398314885865223,0.9980455763534888,0.9983772819472616,0.9976892204159403,0.9980331325911957,0.29085150442009006,0.9212313263920326,0.943357783211084,0.9387672343876723,0.9410569105691057,0.07681424996145614,0.1046299934387207,0.34375,5.6981929262479145
41,2,8.151824787937766e-05,2.5042522913882305e-05,1.3747377920783234e-05,0.08335389900407719,0.9985089963933832,0.9990040237440739,0.9980497512437811,0.9985266594990643,0.29359597512071844,0.9215029425079221,0.9411049574496826,0.9417410110840768,0.9414228768326465,0.07700605388546111,0.1046299934387207,0.34375,5.700019045670827
42,2,6.693688428705367e-05,2.0688568654851698e-05,1.1438905528411301e-05,0.0829785608939777,0.998730632064637,0.9991175644779592,0.9983567134268537,0.998736994045829,0.29719392295847546,0.9198732458125849,0.9419188492332745,0.9382265477155988,0.9400690729328909,0.07885738625205208,0.1046299934387207,0.34375,5.689374550183614
43,2,5.360944290559983e-05,1.670903204996869e-05,9.328949878842459e-06,0.08328932218429402,0.9986500372750902,0.9989426166171865,0.998333604291985,0.9986380176041306,0.29642428491262895,0.9213218650973292,0.9384822028206851,0.9444444444444444,0.9414538839857172,0.077328172177761,0.1046299934387207,0.34375,5.743750806649526
44,2,4.1626963673499185e-05,1.3131097369441642e-05,7.431924108630131e-06,0.0827069152384142,0.9986701859724769,0.9990673533108958,0.9982577691341518,0.9986623971464472,0.29601608130148277,0.9222272521502942,0.9397444519166106,0.9444444444444444,0.9420885862603654,0.0764429338221827,0.1046299934387207,0.34375,5.681452099482218
45,2,3.1071299073981e-05,9.979205535116574e-06,5.760786827343686e-06,0.08246257232004044,0.9987910781567971,0.9991909057809782,0.9983831197704031,0.9987868494480165,0.3003073809109375,0.9223177908555907,0.938337801608579,0.9462016761286834,0.942253331538565,0.0764732873012064,0.1046299934387207,0.34375,5.679956245422363
46,2,2.201455499956315e-05,7.274887164198216e-06,4.326953597125228e-06,0.08247902860735105,0.9986903346698636,0.9990755255436312,0.9983131175194795,0.9986941760250718,0.3030317384693999,0.9205070167496605,0.9359454399572078,0.9460665044606651,0.9409787577305727,0.07818331792020305,0.1046299934387207,0.34375,5.682614354292552
47,2,1.451859819569163e-05,5.036615493302711e-06,3.1402189528249272e-06,0.08202685280306975,0.9988918216437307,0.9991522344677244,0.9986281471917366,0.9988901220865705,0.3026073280578558,0.9216840199185151,0.9330505104069998,0.9513381995133819,0.9421056154206546,0.07720780172521557,0.1046299934387207,0.34375,5.677435553073883
48,2,8.63463364813707e-06,3.279680187519887e-06,2.2086894953964498e-06,0.0824291628413379,0.9987104833672503,0.9991518235793045,0.9982647996448892,0.9987081146548243,0.3027370522975004,0.9208691715708466,0.9326259946949602,0.9505271695052717,0.9414914981925291,0.07784131179640374,0.1046299934387207,0.34375,5.68245487610499
49,2,4.40285480102078e-06,2.016082896497187e-06,1.5387285155924682e-06,0.08245861146808696,0.9988515242489573,0.9991541807636539,0.9985508996498007,0.9988524491151779,0.3032254600920198,0.9208691715708466,0.9342385516506923,0.9486347661530143,0.9413816230717639,0.07798235267811071,0.1046299934387207,0.34375,5.675810702641805
50,2,1.852168994835873e-06,1.2544552710030964e-06,1.134912526236541e-06,0.08204635658140653,0.999012713828051,0.9993926879630755,0.9986244841815681,0.9990084383916465,0.3026011358685168,0.9215029425079221,0.9344153252627377,0.9494457961611247,0.9418706000670466,0.07750977132012893,0.1046299934387207,0.34375,5.683814028898875
